{
  "name": "angular-moment",
  "version": "0.9.2",
  "description": "Moment.JS directives & filters for AngularJS (timeago alternative)",
  "author": "Uri Shaked",
  "license": "MIT",
  "homepage": "http://github.com/urish/angular-moment",
  "main": "./angular-moment.js",
  "ignore": [],
  "dependencies": {
    "angular": ">=1.0.0 <1.5.0",
    "moment": ">=2.8.0 <2.10.0"
  },
  "devDependencies": {
    "angular-mocks": "1.2.x",
    "moment-timezone": "0.2.5"
  },
  "repository": {
    "type": "git",
    "url": "git://github.com/urish/angular-moment.git"
  },
  "_release": "0.9.2",
  "_resolution": {
    "type": "version",
    "tag": "0.9.2",
    "commit": "7cee878bf9cd234a6df4ad00dd4db0b7e366131b"
  },
  "_source": "https://github.com/urish/angular-moment.git",
  "_target": "^0.9.0",
  "_originalSource": "angular-moment"
}