{
  "name": "firebase",
  "version": "3.0.3",
  "homepage": "https://firebase.google.com",
  "authors": [
    "Firebase <firebase-support@google.com>"
  ],
  "description": "Firebase Web Client",
  "main": "firebase.js",
  "keywords": [
    "Firebase",
    "realtime",
    "database",
    "storage",
    "authentication"
  ],
  "license": "https://developers.google.com/terms",
  "private": false,
  "ignore": [
    "**/.*",
    "node_modules",
    "bower_components",
    "test",
    "tests"
  ],
  "_release": "3.0.3",
  "_resolution": {
    "type": "version",
    "tag": "v3.0.3",
    "commit": "7e86016b101eeb2a71e5acafcab56a1bbb45d7a6"
  },
  "_source": "https://github.com/firebase/firebase-bower.git",
  "_target": "^3.0.3",
  "_originalSource": "firebase"
}